{"cameraMode":{"drawMode":0,"name":"Shaded","section":"Shading Mode"},"sceneLighting":true,"audioPlay":false,"sceneViewState":{"showFog":true,"showMaterialUpdate":false,"showSkybox":false,"showFlares":true,"showImageEffects":true,"showParticleSystems":true},"in2DMode":false,"pivot":{"x":-22.770761489868165,"y":0.059038639068603519,"z":-4.76837158203125e-7},"rotation":{"x":-0.004471907392144203,"y":0.985521674156189,"z":-0.16745704412460328,"w":-0.026318421587347986},"size":40.98515701293945,"orthographic":false}